﻿{
	"name": "timepicker",
	"moduletype": "component",
	"version": "0",
	"minnexacroversion": "17.1.0.400",
	"description": "",
	"license": "",
	"objInfo": [	
    "timepicker/_metainfo_/timepicker.info"
	],
	"scripts": [
    "timepicker/timepicker.xcdl.js"
	],
	"designscripts": [
    "timepicker/Designtimepicker.js"
	],
	"help": "",	
	"xcss": "timepicker/_xcss_/timepicker.xcss",
	"images": "",	
	"licensefiles": "",
	"icons": "",
	"userfolder": [

	],
	"contentseditor": [

	]
}
